<?xml version="1.0"?>
<alien>
  <collection name="find  -l 5  -o 0 /alice/sim/2020/LHC20g7a/295585 *AOD/*AOD.root">
    <event name="1">
      <file name="AliAOD.root" lfn="/alice/sim/2020/LHC20g7a/295585/AOD/001/AliAOD.root" turl="alien:///alice/sim/2020/LHC20g7a/295585/AOD/001/AliAOD.root" />
    </event>
    <event name="2">
      <file name="AliAOD.root" lfn="/alice/sim/2020/LHC20g7a/295585/AOD/002/AliAOD.root" turl="alien:///alice/sim/2020/LHC20g7a/295585/AOD/002/AliAOD.root" />
    </event>
    <event name="3">
      <file name="AliAOD.root" lfn="/alice/sim/2020/LHC20g7a/295585/AOD/003/AliAOD.root" turl="alien:///alice/sim/2020/LHC20g7a/295585/AOD/003/AliAOD.root" />
    </event>
    <event name="4">
      <file name="AliAOD.root" lfn="/alice/sim/2020/LHC20g7a/295585/AOD/004/AliAOD.root" turl="alien:///alice/sim/2020/LHC20g7a/295585/AOD/004/AliAOD.root" />
    </event>
    <event name="5">
      <file name="AliAOD.root" lfn="/alice/sim/2020/LHC20g7a/295585/AOD/005/AliAOD.root" turl="alien:///alice/sim/2020/LHC20g7a/295585/AOD/005/AliAOD.root" />
    </event>
    <info comment="Exported XML" />
</collection>
</alien>
